Id,CharacterId,Quality,Special
1,1,antics,0
2,1,tools,0
3,1,wife,0
4,1,sitcom,0
5,1,sentimental,0
6,1,handyman,1
7,1,friend,0
8,1,mama's boy,0
9,1,quiet ,0
10,1,entertainment,0
11,2,sitcom,0
12,2,middle-aged,0
13,2,dashed hope,0
14,2,Chicago,0
15,2,sports,0
16,2,father,0
17,2,high school,0
18,2,wife,0
19,2,shoes,1
20,2,ambition,0
21,3,funeral,0
22,3,monastery,1
23,3,giving to others,0
24,3,brother,0
25,3,revenge,0
26,3,finances,0
27,3,faith,0
28,3,religion,0
29,3,child,0
30,3,family,0
31,4,preacher,0
32,4,revenge,0
33,4,reputation,1
34,4,immorality,0
35,4,romance,0
36,4,sick,0
37,4,New England,0
38,4,faith,0
39,4,courage,0
40,4,child,0
41,5,track and field,1
42,5,death,0
43,5,things of this world,0
44,5,poetry,0
45,5,running,0
46,5,vanity,0
47,5,flower,0
48,5,success,0
49,5,ambition,0
50,5,sports,0
51,6,alcohol,0
52,6,poetry,0
53,6,middle-age,0
54,6,film,1
55,6,loneliness,0
56,6,animated,0
57,6,success,0
58,6,purposeless,0
59,6,friend,0
60,6,entertainment,0
61,7,failure,0
62,7,novella,0
63,7,low intelligence,0
64,7,preferences,1
65,7,loneliness,0
66,7,law,0
67,7,New York,0
68,7,death,0
69,7,city worker,0
70,7,mystery,0
71,8,reading,1
72,8,flower,0
73,8,romance,0
74,8,animated,0
75,8,dance,0
76,8,small town,0
77,8,father,0
78,8,sacrifice,0
79,8,uplifted,0
80,8,fantasy,0
81,9,ambition,0
82,9,friend,0
83,9,high intelligence,0
84,9,law,0
85,9,nerd,0
86,9,giving to others,0
87,9,theatrical play,0
88,9,high school,0
89,9,success,0
90,9,studious,1
91,10,poverty,0
92,10,electric chair,1
93,10,crime,0
94,10,uneducated,0
95,10,law,0
96,10,black,0
97,10,blind,0
98,10,ghetto,0
99,10,outcast,0
100,10,Chicago,0
101,11,madness,0
102,11,death,0
103,11,time,1
104,11,depressed,0
105,11,loss,0
106,11,father,0
107,11,alien,0
108,11,wife,0
109,11,war,0
110,11,vanity,0
111,12,black,0
112,12,fame,0
113,12,music,0
114,12,death,0
115,12,animated,0
116,12,loneliness,0
117,12,jazz,1
118,12,friend,0
119,12,hospital,0
120,12,finances,0
121,13,urban,0
122,13,poverty,0
123,13,father,0
124,13,obedient,0
125,13,Christmas,0
126,13,family,0
127,13,clerk,0
128,13,winter,0
129,13,working class,1
130,13,Europe,0
131,14,freedom,0
132,14,suicide,0
133,14,crime,0
134,14,fear,0
135,14,bird,1
136,14,film,0
137,14,speed,0
138,14,friend,0
139,14,old age,0
140,14,prison,0
141,15,urban,0
142,15,loneliness,0
143,15,newspaper,0
144,15,New York,0
145,15,short story,0
146,15,rebel,0
147,15,suicide,0
148,15,city worker,0
149,15,sacrifice,0
150,15,manswarm atom,1
151,16,film,0
152,16,machine,0
153,16,war,0
154,16,space,0
155,16,sci-fi,0
156,16,high intelligence,0
157,16,good vs. evil,0
158,16,alien,0
159,16,giving to others,0
160,16,language,1
161,17,madness,0
162,17,loneliness,0
163,17,lame,0
164,17,bitter,0
165,17,white whale,1
166,17,revenge,0
167,17,ambition,0
168,17,old age,0
169,17,ship,0
170,17,sea,0
171,18,unsure,0
172,18,war,0
173,18,madness,0
174,18,death,0
175,18,fear,0
176,18,gun,0
177,18,ship,0
178,18,thoughts,0
179,18,jungle,1
180,18,purposeless,0
181,19,learning,0
182,19,high intelligence,0
183,19,ambition,0
184,19,preppy,1
185,19,innocence,0
186,19,young,0
187,19,attorney,0
188,19,antics,0
189,19,dance,0
190,19,rich,0
191,20,lame,0
192,20,death,0
193,20,journey,0
194,20,carpenter,1
195,20,family,0
196,20,tools,0
197,20,sacrifice,0
198,20,rural,0
199,20,giving to others,0
200,20,brother ,0
201,21,success,0
202,21,rich,0
203,21,meager origins,0
204,21,newspaper,0
205,21,child,0
206,21,politics,0
207,21,rosebud sled,1
208,21,loneliness,0
209,21,wife,0
210,21,failure,0
211,22,loneliness,0
212,22,museum,1
213,22,sci-fi,0
214,22,madness,0
215,22,romance,0
216,22,mother,0
217,22,hospital,0
218,22,mystery,0
219,22,freedom,0
220,22,toy,0
221,23,newspaper,0
222,23,film,0
223,23,success,0
224,23,chocolate,0
225,23,dreams,0
226,23,fantasy,0
227,23,poverty,0
228,23,learning,0
229,23,child,0
230,23,golden ticket,1
231,24,failure,0
232,24,sci-fi,0
233,24,dashed hope,0
234,24,mouse,1
235,24,confidence,0
236,24,unsure,0
237,24,high intelligence,0
238,24,romance,0
239,24,low intelligence,0
240,24,hospital,0
241,25,learning,0
242,25,future,0
243,25,young,0
244,25,innocence,0
245,25,speed,1
246,25,human moment,0
247,25,family,0
248,25,nature,0
249,25,rebel,0
250,25,stranger,0
251,26,New York,0
252,26,radar sight,1
253,26,good vs. evil,0
254,26,law,0
255,26,blind,0
256,26,courage,0
257,26,revenge,0
258,26,father,0
259,26,fight,0
260,26,crime,0
261,27,television,0
262,27,high intelligence,0
263,27,ship,0
264,27,emotion,1
265,27,learning,0
266,27,space,0
267,27,sci-fi,0
268,27,alien,0
269,27,machine,0
270,27,superhuman,0
271,28,124 home,1
272,28,mother,0
273,28,freedom,0
274,28,learning,0
275,28,high intelligence,0
276,28,immorality,0
277,28,success,0
278,28,slavery,0
279,28,loneliness,0
280,28,family,0
281,29,wander,0
282,29,Kansas,1
283,29,sentimental,0
284,29,small town,0
285,29,friend,0
286,29,rural,0
287,29,ambition,0
288,29,fantasy,0
289,29,family,0
290,29,good vs. evil,0
291,30,newspaper,0
292,30,sea,0
293,30,sick,0
294,30,poetry,0
295,30,fog,1
296,30,intellectual,0
297,30,brother ,0
298,30,ship,0
299,30,alcohol,0
300,30,purposeless,0
301,31,rebel,0
302,31,mother,0
303,31,South,0
304,31,vacation,0
305,31,painting,1
306,31,suicide,0
307,31,wife,0
308,31,rich,0
309,31,music,0
310,31,sea,0
311,32,coal mining,1
312,32,wife,0
313,32,flower,0
314,32,short story,0
315,32,child,0
316,32,Europe,0
317,32,house chores,0
318,32,alcohol,0
319,32,bitter,0
320,32,mother,0
321,33,painting,0
322,33,politics,0
323,33,father,0
324,33,suicide,0
325,33,South,0
326,33,death,0
327,33,necrophiliac,1
328,33,mystery,0
329,33,outcast,0
330,33,rich,0
331,34,death,0
332,34,young,0
333,34,earth too beautiful,1
334,34,wife,0
335,34,New England,0
336,34,vision,0
337,34,afterlife,0
338,34,family,0
339,34,things of this world,0
340,34,human moment,0
341,35,death,0
342,35,South,0
343,35,elegies,1
344,35,wearing black,0
345,35,mystery,0
346,35,poetry,0
347,35,sick,0
348,35,family,0
349,35,child,0
350,35,painting,0
351,36,sports,0
352,36,low intelligence,0
353,36,war,0
354,36,running,0
355,36,bus,0
356,36,mama's boy,0
357,36,romance,0
358,36,South,0
359,36,American history,1
360,36,politics,0
361,37,sci-fi,0
362,37,monster,1
363,37,revenge,0
364,37,loneliness,0
365,37,superhuman,0
366,37,wander,0
367,37,Europe,0
368,37,nature,0
369,37,appearance,0
370,37,large,0
371,38,law,0
372,38,obedient,0
373,38,Europe,0
374,38,death,0
375,38,underboss,1
376,38,confidence,0
377,38,crime,0
378,38,New York,0
379,38,fear,0
380,38,brother,0
381,39,ambition,0
382,39,nature,0
383,39,advertisement agency,1
384,39,serenity,0
385,39,reputation,0
386,39,suicide,0
387,39,wife,0
388,39,jobs,0
389,39,city worker,0
390,39,New York,0
391,40,romance,0
392,40,sentimental,0
393,40,feminine wiles,1
394,40,wearing black,0
395,40,Modernism,0
396,40,dreams,0
397,40,Europe,0
398,40,lame,0
399,40,young,0
400,40,beauty,0
401,41,rich,0
402,41,poverty,0
403,41,Europe,0
404,41,prison,0
405,41,poison,1
406,41,wife,0
407,41,young,0
408,41,uplifted,0
409,41,lame,0
410,41,war,0
411,42,alcohol,0
412,42,rebel,0
413,42,New York,0
414,42,ghetto,0
415,42,black,0
416,42,music,0
417,42,urban,0
418,42,entertainment,0
419,42,California,0
420,42,commercialization,1
421,43,vanity,0
422,43,Europe,0
423,43,wearing black,0
424,43,revenge,0
425,43,intellectual,0
426,43,romance,0
427,43,friend,0
428,43,death,0
429,43,prince,1
430,43,depressed,0
431,44,war,0
432,44,good vs. evil,0
433,44,Europe,0
434,44,rural,0
435,44,poverty,0
436,44,uplifted,0
437,44,rebel,0
438,44,ghetto,0
439,44,Jewish persecution,1
440,44,dashed hope,0
441,45,mall,1
442,45,child,0
443,45,Christmas,0
444,45,television,0
445,45,purposeless,0
446,45,giving to others,0
447,45,alcohol,0
448,45,ambition,0
449,45,middle-aged,0
450,45,poverty,0
451,46,religion,0
452,46,immorality,0
453,46,scaffold,1
454,46,child,0
455,46,mother,0
456,46,freedom,0
457,46,giving to others,0
458,46,New England,0
459,46,romance,0
460,46,outcast,0
461,47,innocence,0
462,47,young,0
463,47,rebel,0
464,47,bitter,0
465,47,child,0
466,47,catcher mitt,1
467,47,high school,0
468,47,brother,0
469,47,hospital,0
470,47,depressed,0
471,48,alcohol,0
472,48,poetry,0
473,48,old age,0
474,48,culture commodification,1
475,48,Chicago,0
476,48,friend,0
477,48,finances,0
478,48,politics,0
479,48,newspaper,0
480,48,intellectual,0
481,49,intellectual,0
482,49,inadequacy,0
483,49,poetry,0
484,49,20th century urban zeitgeist,1
485,49,urban,0
486,49,unsure,0
487,49,Modernism,0
488,49,sea,0
489,49,confidence,0
490,49,middle-aged,0
491,50,Chicago,0
492,50,family,0
493,50,black,0
494,50,sitcom,0
495,50,jobs,0
496,50,1970s,1
497,50,ghetto,0
498,50,father,0
499,50,bitter,0
500,50,poverty,0
501,51,1920s,1
502,51,dreams,0
503,51,rich,0
504,51,meager origins,0
505,51,alcohol,0
506,51,crime,0
507,51,accident,0
508,51,war,0
509,51,romance,0
510,51,New York,0
511,52,against odds,0
512,52,fight,0
513,52,courage,0
514,52,young,0
515,52,New England,0
516,52,chocolate,1
517,52,friend,0
518,52,fear,0
519,52,rebel,0
520,52,sacrifice,0
521,53,California,0
522,53,rural,0
523,53,law,0
524,53,wander,0
525,53,poverty,0
526,53,journey,0
527,53,rebel,0
528,53,religion,0
529,53,purposeless,0
530,53,preacher,1
531,54,uneducated,0
532,54,father,0
533,54,rural,0
534,54,freedom,1
535,54,journey,0
536,54,black,0
537,54,crime,0
538,54,child,0
539,54,friend,0
540,54,slavery,0
541,55,high intelligence,0
542,55,dreams,0
543,55,friend,0
544,55,city worker,0
545,55,romance,0
546,55,den mother,1
547,55,success,0
548,55,California,0
549,55,loneliness,0
550,55,law,0
551,56,death,0
552,56,rich,0
553,56,things of this world,0
554,56,religion,0
555,56,father,0
556,56,vanity,0
557,56,talks to God,1
558,56,sick,0
559,56,faith,0
560,56,dashed hope,0
561,57,healing,1
562,57,large,0
563,57,fear,0
564,57,prison,0
565,57,electric chair,0
566,57,uneducated,0
567,57,South,0
568,57,good vs. evil,0
569,57,film,0
570,57,child,0
571,58,Europe,0
572,58,immigrant oppression,1
573,58,wander,0
574,58,past,0
575,58,failure,0
576,58,foreign,0
577,58,father,0
578,58,politics,0
579,58,Chicago,0
580,58,poverty,0
581,59,child,0
582,59,theatrical play,0
583,59,poverty,0
584,59,mother,0
585,59,war,0
586,59,journey,0
587,59,cart,1
588,59,sacrifice,0
589,59,Europe,0
590,59,mute,0
591,60,toy,0
592,60,mother,0
593,60,blue roses,1
594,60,beauty,0
595,60,family,0
596,60,high school,0
597,60,romance,0
598,60,lame,0
599,60,brother,0
600,60,South,0
601,61,dreams,0
602,61,journey,0
603,61,low intelligence,0
604,61,rabbit,1
605,61,novella,0
606,61,friend,0
607,61,wander,0
608,61,jobs,0
609,61,large,0
610,61,rural,0
611,62,house chores,0
612,62,beauty,0
613,62,mother,0
614,62,handyman,0
615,62,innocence,0
616,62,mute,0
617,62,Angel of God,1
618,62,short story,0
619,62,low intelligence,0
620,62,South,0
621,63,sports,0
622,63,boxing,1
623,63,accident,0
624,63,fame,0
625,63,small town,0
626,63,hospital,0
627,63,friend,0
628,63,death,0
629,63,dog,0
630,63,poverty,0
631,64,young,0
632,64,beauty,0
633,64,future,0
634,64,assimilation,0
635,64,poetry,0
636,64,sci-fi,0
637,64,father,0
638,64,individuality,1
639,64,reading,0
640,64,rebel,0
641,65,Wild West,1
642,65,film,0
643,65,wife,0
644,65,small town,0
645,65,crime,0
646,65,revenge,0
647,65,gun,0
648,65,law,0
649,65,against odds,0
650,65,courage,0
651,66,faith,0
652,66,old age,0
653,66,black,0
654,66,South,0
655,66,poverty,0
656,66,sacrifice,0
657,66,religion,0
658,66,mother,0
659,66,Job's darker sister,1
660,66,house chores,0
661,67,bitter,0
662,67,high intelligence,0
663,67,accident,0
664,67,revenge,0
665,67,poetry,0
666,67,toy,0
667,67,animated,0
668,67,music box,1
669,67,wife,0
670,67,crime,0
671,68,courage,0
672,68,innocence,0
673,68,uplifted,0
674,68,father,0
675,68,against odds,0
676,68,small town,0
677,68,failure,0
678,68,politics,0
679,68,rebel,0
680,68,lost causes,1
681,69,ship,0
682,69,future,0
683,69,sci-fi,0
684,69,learning,0
685,69,alien,0
686,69,logic,1
687,69,television,0
688,69,superhuman,0
689,69,space,0
690,69,high intelligence,0
691,70,mother,0
692,70,rich,0
693,70,thoughts,0
694,70,intellectual,0
695,70,wife,0
696,70,Modernism,0
697,70,Europe,0
698,70,middle-aged,0
699,70,vacation,0
700,70,hostess,1
701,71,sacrifice,0
702,71,partner,0
703,71,ambition,0
704,71,politics,0
705,71,law,0
706,71,alien,0
707,71,truth,1
708,71,sci-fi,0
709,71,gun,0
710,71,brother,0
711,72,poetry,0
712,72,blues,1
713,72,music,0
714,72,loneliness,0
715,72,sentimental,0
716,72,courage,0
717,72,thoughts,0
718,72,entertainment,0
719,72,New York,0
720,72,black,0
721,73,New York,0
722,73,sitcom,0
723,73,madness,0
724,73,revenge,0
725,73,neighbor,0
726,73,poetry,0
727,73,bitter,0
728,73,antics,0
729,73,postal worker,1
730,73,loneliness,0
731,74,future,0
732,74,vanity,0
733,74,wander,0
734,74,ambition,0
735,74,oblivion,1
736,74,poetry,0
737,74,depressed,0
738,74,young,0
739,74,fame,0
740,74,dreams,0
741,75,wife,0
742,75,sea,0
743,75,quiet ,0
744,75,father,0
745,75,family,0
746,75,lame,0
747,75,ship,0
748,75,purposeless,0
749,75,alcohol,0
750,75,blacksmith,1
751,76,giving to others,0
752,76,bell tower,1
753,76,sacrifice,0
754,76,unrequited love,0
755,76,Europe,0
756,76,crime,0
757,76,good vs. evil,0
758,76,monster,0
759,76,low intelligence,0
760,76,outcast,0
761,77,young,0
762,77,innocence,0
763,77,depressed,0
764,77,unrequited love,1
765,77,religion,0
766,77,flower,0
767,77,dreams,0
768,77,waiting,0
769,77,romance,0
770,77,poetry,0
771,78,romance,0
772,78,law,0
773,78,large,0
774,78,New York,0
775,78,brother,0
776,78,failure,0
777,78,depressed,0
778,78,crazy chin,1
779,78,family,0
780,78,dance,0
781,79,innocence,0
782,79,dashed hope,0
783,79,good vs. evil,0
784,79,fight,0
785,79,animated,0
786,79,giving to others,0
787,79,South,0
788,79,romance,0
789,79,touch,1
790,79,superhuman,0
791,80,friend,0
792,80,entertainment,0
793,80,city worker,0
794,80,small town,0
795,80,romance,0
796,80,middle-age,0
797,80,sitcom,0
798,80,radio,1
799,80,mother,0
800,80,rich,0
801,81,poverty,0
802,81,finances,0
803,81,theatrical play,0
804,81,worn out wife,1
805,81,mother,0
806,81,bitter ,0
807,81,house chores,0
808,81,baby ,0
809,81,Chicago,0
810,81,dreams,0
811,82,foreign,0
812,82,ambition,0
813,82,failure,0
814,82,fight,0
815,82,novella,0
816,82,marlin,1
817,82,uplifted,0
818,82,old age,0
819,82,sea,0
820,82,waiting,0
821,83,sci-fi,0
822,83,ship,0
823,83,individuality,0
824,83,television,0
825,83,assimilation,1
826,83,space,0
827,83,future,0
828,83,alien,0
829,83,machine,0
830,83,learning,0
831,84,surf board,1
832,84,good vs evil,0
833,84,stranger,0
834,84,superhuman,0
835,84,space,0
836,84,loneliness,0
837,84,animated,0
838,84,alien,0
839,84,prison,0
840,84,sacrifice,0
841,85,film,0
842,85,politeness,0
843,85,thoughts,0
844,85,rebel,0
845,85,train,0
846,85,animated,0
847,85,entertainment,0
848,85,stranger,0
849,85,dreams,0
850,85,human moments,1
851,86,suicide,0
852,86,loneliness,0
853,86,alcohol,0
854,86,trenches,1
855,86,war,0
856,86,poetry,0
857,86,music,0
858,86,Europe,0
859,86,child,0
860,86,gun,0
861,87,serenity,0
862,87,poetry,0
863,87,nature,0
864,87,uplifted,0
865,87,depressed,0
866,87,things of this world,0
867,87,vanity,0
868,87,winter,1
869,87,loneliness,0
870,87,wander,0
871,88,afterlife,0
872,88,uplifted,0
873,88,depressed,0
874,88,father,0
875,88,dreams,0
876,88,loneliness,0
877,88,music,0
878,88,serenity,0
879,88,child,0
880,88,childhood house,1
881,89,sacrifice,0
882,89,responsibility,1
883,89,confidence,0
884,89,crime,0
885,89,giving to others,0
886,89,New York,0
887,89,high intelligence,0
888,89,superhuman,0
889,89,nerd,0
890,89,good vs. evil,0
891,90,high intelligence,0
892,90,nerd,0
893,90,neighbor,0
894,90,Chicago,0
895,90,clumsy,1
896,90,giving to others,0
897,90,family,0
898,90,friend,0
899,90,young,0
900,90,confidence,0
901,91,law,0
902,91,learning,0
903,91,obedient,0
904,91,sacrifice,0
905,91,good vs. evil,0
906,91,child,0
907,91,future,0
908,91,gun,0
909,91,machine,0
910,91,protector,1
911,92,blind,0
912,92,accident,0
913,92,good vs. evil,0
914,92,superhuman,0
915,92,space,0
916,92,rocky skin,1
917,92,pilot,0
918,92,romance,0
919,92,loss,0
920,92,appearance,0
921,93,romance,0
922,93,genteelism,1
923,93,wander,0
924,93,antics,0
925,93,mute,0
926,93,city worker,0
927,93,past,0
928,93,uplifted,0
929,93,poverty,0
930,93,politeness,0
931,94,dance,1
932,94,entertainment,0
933,94,lame,0
934,94,suicide,0
935,94,Europe,0
936,94,music,0
937,94,confidence,0
938,94,uplifted,0
939,94,depressed,0
940,94,partner,0
941,95,Christmas,0
942,95,family,0
943,95,urban,0
944,95,lame,0
945,95,child,0
946,95,novella,0
947,95,poverty,0
948,95,Europe,0
949,95,blessings,1
950,95,religion,0
951,96,gun,0
952,96,young,0
953,96,speaker,0
954,96,law,0
955,96,rebel,0
956,96,high intelligence,0
957,96,politics,0
958,96,death,0
959,96,dashed hope,0
960,96,Brotherhood,1
961,97,father ,0
962,97,fear,0
963,97,finances,0
964,97,jobs,0
965,97,New York,0
966,97,city worker,0
967,97,funeral,1
968,97,thoughts,0
969,97,failure,0
970,97,novella,0
971,98,death,0
972,98,rebel,0
973,98,hero,1
974,98,slavery,0
975,98,poverty,0
976,98,South,0
977,98,bitter,0
978,98,loneliness,0
979,98,American history,0
980,98,war,0
981,99,music,0
982,99,poetry,0
983,99,serenity,0
984,99,uplifted,0
985,99,banjo,1
986,99,family,0
987,99,slavery,0
988,99,sentimental,0
989,99,poverty,0
990,99,black,0
991,100,Big Brother,1
992,100,future,0
993,100,Europe,0
994,100,failure,0
995,100,sci-fi,0
996,100,rebel,0
997,100,assimilation,0
998,100,romance,0
999,100,fear,0
1000,100,law,0
1001,101,everyman,0
1002,101,Chicago,0
1003,101,courage,0
1004,101,ambition,0
1005,101,mystery,0
1006,101,mission,0
1007,101,hero,0
1008,101,future,0
1009,101,television,0
1010,101,newspaper,1
1011,102,sports,0
1012,102,dreams,0
1013,102,child,0
1014,102,fight,0
1015,102,failure,0
1016,102,New York,0
1017,102,dashed hope,0
1018,102,bitter,0
1019,102,win,0
1020,102,magic,1
1021,103,poverty,0
1022,103,Christmas,0
1023,103,friend,0
1024,103,loneliness,0
1025,103,wander,0
1026,103,family,0
1027,103,purposeless,0
1028,103,stranger,0
1029,103,New York,0
1030,103,home,1
1031,104,law enforcement,0
1032,104,loneliness,0
1033,104,fight,0
1034,104,protector,0
1035,104,wander,0
1036,104,small town,0
1037,104,crime,0
1038,104,mission,0
1039,104,hero,0
1040,104,gun,1
1041,105,neighbor,0
1042,105,Christmas,0
1043,105,everyman,0
1044,105,newspaper,0
1045,105,fame,0
1046,105,rebel,0
1047,105,sports,0
1048,105,human spirit,0
1049,105,movement,0
1050,105,speech,1
1051,106,rich,0
1052,106,sick,0
1053,106,suicide,0
1054,106,alcohol,0
1055,106,death,0
1056,106,family,0
1057,106,East,0
1058,106,brother,0
1059,106,romance,0
1060,106,letters,1
1061,107,ambition,0
1062,107,sick,0
1063,107,poverty,0
1064,107,death,0
1065,107,religion,0
1066,107,fame,0
1067,107,faith,0
1068,107,meager origins,0
1069,107,father,0
1070,107,bells,1
1071,108,New York,0
1072,108,alcohol,0
1073,108,music,0
1074,108,suicide,0
1075,108,purposeless,0
1076,108,finances,0
1077,108,death,0
1078,108,failure,0
1079,108,uplifted,0
1080,108,trumpet,1
1081,109,fight,0
1082,109,prison,0
1083,109,family,0
1084,109,revenge,0
1085,109,anger,0
1086,109,friendship,0
1087,109,loneliness,0
1088,109,East,0
1089,109,stranger,0
1090,109,martial arts,1
1091,110,hero,0
1092,110,fear,0
1093,110,fight,0
1094,110,prison,0
1095,110,superhuman,0
1096,110,bitter,0
1097,110,courage,0
1098,110,animated,0
1099,110,hospital,0
1100,110,shape-shifting,1
1101,111,loneliness,0
1102,111,disaster,0
1103,111,love,0
1104,111,friend,0
1105,111,death,0
1106,111,dream,0
1107,111,ship,0
1108,111,poetry,0
1109,111,Europe,0
1110,111,sea,1
1111,112,romance,0
1112,112,disaster,0
1113,112,love,0
1114,112,friend,0
1115,112,Europe,0
1116,112,faith,0
1117,112,purposeless,0
1118,112,stranger,0
1119,112,monastery,0
1120,112,island,1
1121,113,quiet,0
1122,113,faith,0
1123,113,uplifted,0
1124,113,nature,0
1125,113,things of this world,0
1126,113,serenity,0
1127,113,New York,0
1128,113,sadness,0
1129,113,stranger,0
1130,113,face,1
1131,114,sci-fi,0
1132,114,family,0
1133,114,suicide,0
1134,114,young,0
1135,114,romance,0
1136,114,depressed,0
1137,114,appearance,0
1138,114,brother,0
1139,114,nerd,0
1140,114,Dominican,1
1141,115,Europe,0
1142,115,religion,0
1143,115,romance,0
1144,115,child,0
1145,115,faith,0
1146,115,poverty,0
1147,115,family,0
1148,115,dashed hope,0
1149,115,ambition,0
1150,115,preacher,1
1151,116,war,0
1152,116,time,0
1153,116,Europe,0
1154,116,romance,0
1155,116,crime,0
1156,116,dashed hope,0
1157,116,film,0
1158,116,bitter,0
1159,116,uplifted,0
1160,116,past,1
1161,117,wander,0
1162,117,poverty,0
1163,117,music,0
1164,117,wife,0
1165,117,rural,0
1166,117,rich vs poor,0
1167,117,bitter,0
1168,117,law enforcement,0
1169,117,jobs,0
1170,117,home,1
1171,118,young,0
1172,118,loneliness,0
1173,118,alcohol,0
1174,118,friend,0
1175,118,stranger,0
1176,118,ambition,0
1177,118,dashed hope,0
1178,118,ambition,0
1179,118,failure,0
1180,118,music,1
1181,119,crime,0
1182,119,death,0
1183,119,child,0
1184,119,promise,0
1185,119,Russia,0
1186,119,law enforcement,0
1187,119,suicide,0
1188,119,ambition,0
1189,119,good vs evil,0
1190,119,body,1
1191,120,Europe,0
1192,120,old,0
1193,120,death,0
1194,120,weary,0
1195,120,stranger,0
1196,120,serenity,0
1197,120,enough,0
1198,120,short story,0
1199,120,conversation,0
1200,120,train,1
1201,121,faith,0
1202,121,uplifted,0
1203,121,religion,0
1204,121,courage,0
1205,121,blind,0
1206,121,humility,0
1207,121,fear,0
1208,121,music,0
1209,121,serenity,0
1210,121,faith,1
1211,122,mother,0
1212,122,black,0
1213,122,dashed hope,0
1214,122,family,0
1215,122,courage,0
1216,122,death,0
1217,122,body,0
1218,122,weary,0
1219,122,pain,0
1220,122,freedom,1
1221,123,protector,0
1222,123,gun,0
1223,123,law enforcement,0
1224,123,purposeless,0
1225,123,sci-fi,0
1226,123,New York,0
1227,123,fight,0
1228,123,sacrifice,0
1229,123,ambition,0
1230,123,technology,1
1231,124,high intelligence,0
1232,124,young,0
1233,124,romance,0
1234,124,Chicago,0
1235,124,dashed hope,0
1236,124,everyman,0
1237,124,romance,0
1238,124,father,0
1239,124,body,0
1240,124,frustrated,1
1241,125,young,0
1242,125,high school,0
1243,125,meager origins,0
1244,125,family,0
1245,125,friend,0
1246,125,frustrated,0
1247,125,fight,0
1248,125,romance,0
1249,125,courage,0
1250,125,regret,1
1251,126,crime,0
1252,126,child,0
1253,126,urban,0
1254,126,New York,0
1255,126,death,0
1256,126,sports,0
1257,126,friend,0
1258,126,courage,0
1259,126,poverty,0
1260,126,religion,1
1261,127,comfort,0
1262,127,friend,0
1263,127,death,0
1264,127,faith,0
1265,127,religion,0
1266,127,patient,0
1267,127,loneliness,0
1268,127,road,0
1269,127,black,0
1270,127,together,1
1271,128,frustrated,0
1272,128,ghetto,0
1273,128,music,0
1274,128,dashed hope,0
1275,128,outcast,0
1276,128,bitter,0
1277,128,urban,0
1278,128,hope,0
1279,128,meager origins,0
1280,128,change,1
1281,129,poetry,0
1282,129,suicide,0
1283,129,romance,0
1284,129,death,0
1285,129,pain,0
1286,129,sick,0
1287,129,afterlife,0
1288,129,1800s,0
1289,129,uplifted,0
1290,129,sleep,1
1291,130,superhuman,0
1292,130,appearance,0
1293,130,alien,0
1294,130,television,0
1295,130,young,0
1296,130,animated,0
1297,130,friend,0
1298,130,loneliness,0
1299,130,shape-shifting,0
1300,130,Mars,1
1301,131,South,0
1302,131,quiet,0
1303,131,mysterious,0
1304,131,loneliness,0
1305,131,child,0
1306,131,death,0
1307,131,fear,0
1308,131,outcast,0
1309,131,small town,0
1310,131,recluse,1
1311,132,hero,0
1312,132,Russia,0
1313,132,good vs evil,0
1314,132,animated,0
1315,132,courage,0
1316,132,law enforcement,0
1317,132,New York,0
1318,132,focus,0
1319,132,television,0
1320,132,fight,1
1321,133,young,0
1322,133,depressed,0
1323,133,friend,0
1324,133,animated,0
1325,133,humor,0
1326,133,dashed hope,0
1327,133,frustrated,0
1328,133,everyman,0
1329,133,hapless,0
1330,133,newspaper,1
1331,134,wander,0
1332,134,friend,0
1333,134,dashed hope,0
1334,134,young,0
1335,134,confusion,0
1336,134,time,0
1337,134,romance,0
1338,134,music,0
1339,134,loneliness,0
1340,134,road,1
1341,135,dashed hope,0
1342,135,frustrated,0
1343,135,newspaper,0
1344,135,humor,0
1345,135,hapless,0
1346,135,rebel,0
1347,135,everyman,0
1348,135,animated,0
1349,135,authority,0
1350,135,military,1
1351,136,romance,0
1352,136,music,0
1353,136,sick,0
1354,136,loneliness,0
1355,136,uplifted,0
1356,136,sadness,0
1357,136,mind,0
1358,136,black,0
1359,136,healing,0
1360,136,body,1
1361,137,wander,0
1362,137,spirituality,0
1363,137,dashed hope,0
1364,137,frustrated,0
1365,137,music,0
1366,137,ambition,0
1367,137,focus,0
1368,137,journey,0
1369,137,restlessness,0
1370,137,search,1
1371,138,death,0
1372,138,religion,0
1373,138,friend,0
1374,138,family,0
1375,138,good vs evil,0
1376,138,spirituality,0
1377,138,music,0
1378,138,road,0
1379,138,crime,0
1380,138,afterlife,1
1381,139,uplifted,0
1382,139,fame,0
1383,139,things of this world,0
1384,139,nature,0
1385,139,poetry,0
1386,139,vanity,0
1387,139,1800s,0
1388,139,humility,0
1389,139,humor,0
1390,139,worthlessness,1
1391,140,death,0
1392,140,love,0
1393,140,restlessness,0
1394,140,spirituality,0
1395,140,serenity,0
1396,140,music,0
1397,140,depressed,0
1398,140,guitar,0
1399,140,afterlife,0
1400,140,belonging,1
1401,141,music,0
1402,141,romance,0
1403,141,depressed,0
1404,141,friend,0
1405,141,guitar,0
1406,141,pride,0
1407,141,serenity,0
1408,141,1970s,0
1409,141,friend,0
1410,141,telephone,1
1411,142,dashed hope,0
1412,142,frustrated,0
1413,142,poetry,0
1414,142,failure,0
1415,142,things of this world,0
1416,142,1800s,0
1417,142,ambition,0
1418,142,manswarm,0
1419,142,urban,0
1420,142,question,1
1421,143,hope,0
1422,143,uplifted,0
1423,143,innocent,0
1424,143,young,0
1425,143,family,0
1426,143,patient,0
1427,143,child,0
1428,143,focus,0
1429,143,faith,0
1430,143,green thumb,1
1431,144,pain,0
1432,144,death,0
1433,144,things of this world,0
1434,144,good vs evil,0
1435,144,uplifted,0
1436,144,religion,0
1437,144,nature,0
1438,144,pride,0
1439,144,poetry,0
1440,144,forgiveness,1
1441,145,poetry,0
1442,145,death,0
1443,145,vanity,0
1444,145,beauty,0
1445,145,things of this world,0
1446,145,1800s,0
1447,145,nature,0
1448,145,dream,0
1449,145,mystery,0
1450,145,bird,1
1451,146,loneliness,0
1452,146,wander,0
1453,146,confusion,0
1454,146,depression,0
1455,146,vanity,0
1456,146,poverty,0
1457,146,spirituality,0
1458,146,happiness,0
1459,146,knowledge,0
1460,146,lost,1
1461,147,wander,0
1462,147,poetry,0
1463,147,uplifted,0
1464,147,nature,0
1465,147,focus,0
1466,147,time,0
1467,147,sleep,0
1468,147,lost,0
1469,147,rush,0
1470,147,journey,1
1471,148,meager origins,0
1472,148,confidence,0
1473,148,frustrated,0
1474,148,crime,0
1475,148,shame,0
1476,148,competition,0
1477,148,fight,0
1478,148,friend,0
1479,148,jobs,0
1480,148,music,1
1481,149,romance,0
1482,149,music,0
1483,149,dystopia,0
1484,149,death,0
1485,149,religion,0
1486,149,humility,0
1487,149,future,0
1488,149,afterlife,0
1489,149,black,0
1490,149,love,1
1491,150,beauty,0
1492,150,religion,0
1493,150,poverty,0
1494,150,wife,0
1495,150,ambition,0
1496,150,film,0
1497,150,things of this world,0
1498,150,shepherd,1
1499,150,power,0
1500,150,family,0
